name_pic,code,
0.jpg,8VUJS,ren 0.jpg 8VUJS.jpg 
1.jpg,VQ7FF,ren 1.jpg VQ7FF.jpg 
2.jpg,53KH5,ren 2.jpg 53KH5.jpg 
3.jpg,V2Q23,ren 3.jpg V2Q23.jpg 
4.jpg,TPDFQ,ren 4.jpg TPDFQ.jpg 
5.jpg,82HR7,ren 5.jpg 82HR7.jpg 
6.jpg,86JJJ,ren 6.jpg 86JJJ.jpg 
7.jpg,KFKY2,ren 7.jpg KFKY2.jpg 
8.jpg,UTVF2,ren 8.jpg UTVF2.jpg 
9.jpg,VDAUZ,ren 9.jpg VDAUZ.jpg 
10.jpg,6N9TJ,ren 10.jpg 6N9TJ.jpg 
11.jpg,PFNCD,ren 11.jpg PFNCD.jpg 
12.jpg,E562S,ren 12.jpg E562S.jpg 
13.jpg,CZTNU,ren 13.jpg CZTNU.jpg 
14.jpg,TUUXE,ren 14.jpg TUUXE.jpg 
15.jpg,TDBZ7,ren 15.jpg TDBZ7.jpg 
16.jpg,P2S6R,ren 16.jpg P2S6R.jpg 
17.jpg,FK2V8,ren 17.jpg FK2V8.jpg 
18.jpg,44EGJ,ren 18.jpg 44EGJ.jpg 
19.jpg,XQ2ZU,ren 19.jpg XQ2ZU.jpg 
20.jpg,3KUAV,ren 20.jpg 3KUAV.jpg 
21.jpg,R3VPY,ren 21.jpg R3VPY.jpg 
22.jpg,H5ZU9,ren 22.jpg H5ZU9.jpg 
23.jpg,D6TE8,ren 23.jpg D6TE8.jpg 
24.jpg,DG729,ren 24.jpg DG729.jpg 
25.jpg,B6EY9,ren 25.jpg B6EY9.jpg 
26.jpg,RVGRJ,ren 26.jpg RVGRJ.jpg 
27.jpg,6C79X,ren 27.jpg 6C79X.jpg 
28.jpg,T9ZEG,ren 28.jpg T9ZEG.jpg 
29.jpg,TRUUE,ren 29.jpg TRUUE.jpg 
30.jpg,AYHK9,ren 30.jpg AYHK9.jpg 
31.jpg,G5QKE,ren 31.jpg G5QKE.jpg 
32.jpg,S4XGJ,ren 32.jpg S4XGJ.jpg 
33.jpg,857AE,ren 33.jpg 857AE.jpg 
34.jpg,CXQB5,ren 34.jpg CXQB5.jpg 
35.jpg,ETN5H,ren 35.jpg ETN5H.jpg 
36.jpg,7AQ78,ren 36.jpg 7AQ78.jpg 
37.jpg,V7VC5,ren 37.jpg V7VC5.jpg 
38.jpg,XX56E,ren 38.jpg XX56E.jpg 
39.jpg,469CP,ren 39.jpg 469CP.jpg 
40.jpg,8EXXF,ren 40.jpg 8EXXF.jpg 
41.jpg,UPQ5P,ren 41.jpg UPQ5P.jpg 
42.jpg,GNF7A,ren 42.jpg GNF7A.jpg 
43.jpg,XGY66,ren 43.jpg XGY66.jpg 
44.jpg,BBAEH,ren 44.jpg BBAEH.jpg 
45.jpg,KDPSG,ren 45.jpg KDPSG.jpg 
46.jpg,NOHFD,ren 46.jpg NOHFD.jpg 
47.jpg,UFVQS,ren 47.jpg UFVQS.jpg 
48.jpg,QZ83R,ren 48.jpg QZ83R.jpg 
49.jpg,4R8AU,ren 49.jpg 4R8AU.jpg 
50.jpg,KQDOB,ren 50.jpg KQDOB.jpg 
51.jpg,NXXVS,ren 51.jpg NXXVS.jpg 
52.jpg,RA5EB,ren 52.jpg RA5EB.jpg 
53.jpg,PTZEJ,ren 53.jpg PTZEJ.jpg 
54.jpg,5C7EH,ren 54.jpg 5C7EH.jpg 
55.jpg,28YFE,ren 55.jpg 28YFE.jpg 
56.jpg,P7FTV,ren 56.jpg P7FTV.jpg 
57.jpg,9DH8S,ren 57.jpg 9DH8S.jpg 
58.jpg,R853B,ren 58.jpg R853B.jpg 
59.jpg,RN9KS,ren 59.jpg RN9KS.jpg 
60.jpg,YZZX2,ren 60.jpg YZZX2.jpg 
61.jpg,BFY78,ren 61.jpg BFY78.jpg 
62.jpg,HQ5Q2,ren 62.jpg HQ5Q2.jpg 
63.jpg,9R365,ren 63.jpg 9R365.jpg 
64.jpg,ZFA7J,ren 64.jpg ZFA7J.jpg 
65.jpg,PF9NF,ren 65.jpg PF9NF.jpg 
66.jpg,5R4JK,ren 66.jpg 5R4JK.jpg 
67.jpg,3BQ8K,ren 67.jpg 3BQ8K.jpg 
68.jpg,Z6GXB,ren 68.jpg Z6GXB.jpg 
69.jpg,ZQCSE,ren 69.jpg ZQCSE.jpg 
70.jpg,EETKP,ren 70.jpg EETKP.jpg 
71.jpg,4BPCS,ren 71.jpg 4BPCS.jpg 
72.jpg,Y975S,ren 72.jpg Y975S.jpg 
73.jpg,JYFU8,ren 73.jpg JYFU8.jpg 
74.jpg,VAVZS,ren 74.jpg VAVZS.jpg 
75.jpg,ZT3NU,ren 75.jpg ZT3NU.jpg 
76.jpg,S4XHP,ren 76.jpg S4XHP.jpg 
77.jpg,DVPGC,ren 77.jpg DVPGC.jpg 
78.jpg,2KF53,ren 78.jpg 2KF53.jpg 
79.jpg,PSBRQ,ren 79.jpg PSBRQ.jpg 
80.jpg,TJB23,ren 80.jpg TJB23.jpg 
81.jpg,KN6R7,ren 81.jpg KN6R7.jpg 
82.jpg,CCSED,ren 82.jpg CCSED.jpg 
83.jpg,P2VUH,ren 83.jpg P2VUH.jpg 
84.jpg,5U385,ren 84.jpg 5U385.jpg 
85.jpg,7ZY9R,ren 85.jpg 7ZY9R.jpg 
86.jpg,7JBYJ,ren 86.jpg 7JBYJ.jpg 
87.jpg,2BXCQ,ren 87.jpg 2BXCQ.jpg 
88.jpg,825AB,ren 88.jpg 825AB.jpg 
89.jpg,XRKHY,ren 89.jpg XRKHY.jpg 
90.jpg,J7SPR,ren 90.jpg J7SPR.jpg 
91.jpg,DU94K,ren 91.jpg DU94K.jpg 
92.jpg,6FSFP,ren 92.jpg 6FSFP.jpg 
93.jpg,8Y2ZJ,ren 93.jpg 8Y2ZJ.jpg 
94.jpg,CSFBN,ren 94.jpg CSFBN.jpg 
95.jpg,HJRYK,ren 95.jpg HJRYK.jpg 
96.jpg,RHNRD,ren 96.jpg RHNRD.jpg 
97.jpg,S99ZJ,ren 97.jpg S99ZJ.jpg 
98.jpg,TE6JT,ren 98.jpg TE6JT.jpg 
99.jpg,EQNUB,ren 99.jpg EQNUB.jpg 
100.jpg,NKE34,ren 100.jpg NKE34.jpg 
101.jpg,2FYGD,ren 101.jpg 2FYGD.jpg 
102.jpg,TNT8V,ren 102.jpg TNT8V.jpg 
103.jpg,URUBP,ren 103.jpg URUBP.jpg 
104.jpg,VK7CT,ren 104.jpg VK7CT.jpg 
105.jpg,63N56,ren 105.jpg 63N56.jpg 
106.jpg,S6VCU,ren 106.jpg S6VCU.jpg 
107.jpg,J48RX,ren 107.jpg J48RX.jpg 
108.jpg,HUYB6,ren 108.jpg HUYB6.jpg 
109.jpg,8VBPS,ren 109.jpg 8VBPS.jpg 
110.jpg,T3DDD,ren 110.jpg T3DDD.jpg 
111.jpg,VNFUB,ren 111.jpg VNFUB.jpg 
112.jpg,24BEJ,ren 112.jpg 24BEJ.jpg 
113.jpg,GYHV4,ren 113.jpg GYHV4.jpg 
114.jpg,9ZYNA,ren 114.jpg 9ZYNA.jpg 
115.jpg,FYNUK,ren 115.jpg FYNUK.jpg 
116.jpg,BU9Z3,ren 116.jpg BU9Z3.jpg 
117.jpg,BA7KZ,ren 117.jpg BA7KZ.jpg 
118.jpg,J8E25,ren 118.jpg J8E25.jpg 
119.jpg,NGDA3,ren 119.jpg NGDA3.jpg 
120.jpg,ADFGQ,ren 120.jpg ADFGQ.jpg 
121.jpg,395P3,ren 121.jpg 395P3.jpg 
122.jpg,S56ZA,ren 122.jpg S56ZA.jpg 
123.jpg,ZGK59,ren 123.jpg ZGK59.jpg 
124.jpg,Q4X67,ren 124.jpg Q4X67.jpg 
125.jpg,NKAFD,ren 125.jpg NKAFD.jpg 
126.jpg,NBBP8,ren 126.jpg NBBP8.jpg 
127.jpg,4SQQF,ren 127.jpg 4SQQF.jpg 
128.jpg,QJQPE,ren 128.jpg QJQPE.jpg 
129.jpg,5K284,ren 129.jpg 5K284.jpg 
130.jpg,TNBXK,ren 130.jpg TNBXK.jpg 
131.jpg,E8N39,ren 131.jpg E8N39.jpg 
132.jpg,H5PCN,ren 132.jpg H5PCN.jpg 
133.jpg,RPC7Y,ren 133.jpg RPC7Y.jpg 
134.jpg,GZCU7,ren 134.jpg GZCU7.jpg 
135.jpg,X2N38,ren 135.jpg X2N38.jpg 
136.jpg,VCSA6,ren 136.jpg VCSA6.jpg 
137.jpg,4GDPH,ren 137.jpg 4GDPH.jpg 
138.jpg,G72G6,ren 138.jpg G72G6.jpg 
139.jpg,XSQSS,ren 139.jpg XSQSS.jpg 
140.jpg,HXTGH,ren 140.jpg HXTGH.jpg 
141.jpg,6CP2K,ren 141.jpg 6CP2K.jpg 
142.jpg,EYQP4,ren 142.jpg EYQP4.jpg 
143.jpg,9UPCE,ren 143.jpg 9UPCE.jpg 
144.jpg,HX4YR,ren 144.jpg HX4YR.jpg 
145.jpg,6TG2D,ren 145.jpg 6TG2D.jpg 
146.jpg,VFQYE,ren 146.jpg VFQYE.jpg 
147.jpg,4J7QQ,ren 147.jpg 4J7QQ.jpg 
148.jpg,5DU6U,ren 148.jpg 5DU6U.jpg 
149.jpg,U5JVS,ren 149.jpg U5JVS.jpg 
150.jpg,PKQGG,ren 150.jpg PKQGG.jpg 
151.jpg,8CDKA,ren 151.jpg 8CDKA.jpg 
152.jpg,25SNA,ren 152.jpg 25SNA.jpg 
153.jpg,RAFP9,ren 153.jpg RAFP9.jpg 
154.jpg,5RJDR,ren 154.jpg 5RJDR.jpg 
155.jpg,FJJ6Y,ren 155.jpg FJJ6Y.jpg 
156.jpg,SRR8K,ren 156.jpg SRR8K.jpg 
157.jpg,KEB76,ren 157.jpg KEB76.jpg 
158.jpg,BRRA9,ren 158.jpg BRRA9.jpg 
159.jpg,FT7RE,ren 159.jpg FT7RE.jpg 
160.jpg,2JPS4,ren 160.jpg 2JPS4.jpg 
161.jpg,PXKP3,ren 161.jpg PXKP3.jpg 
162.jpg,TUE8V,ren 162.jpg TUE8V.jpg 
163.jpg,PYAYJ,ren 163.jpg PYAYJ.jpg 
164.jpg,6Y43P,ren 164.jpg 6Y43P.jpg 
165.jpg,ZCJSV,ren 165.jpg ZCJSV.jpg 
166.jpg,BKVUV,ren 166.jpg BKVUV.jpg 
167.jpg,YYQ5J,ren 167.jpg YYQ5J.jpg 
168.jpg,XHA5N,ren 168.jpg XHA5N.jpg 
169.jpg,VCTRR,ren 169.jpg VCTRR.jpg 
170.jpg,NXV7D,ren 170.jpg NXV7D.jpg 
171.jpg,DP9U7,ren 171.jpg DP9U7.jpg 
172.jpg,SP379,ren 172.jpg SP379.jpg 
173.jpg,BTBFG,ren 173.jpg BTBFG.jpg 
174.jpg,VNCCC,ren 174.jpg VNCCC.jpg 
175.jpg,B7JEX,ren 175.jpg B7JEX.jpg 
176.jpg,8TZA2,ren 176.jpg 8TZA2.jpg 
177.jpg,R3GXG,ren 177.jpg R3GXG.jpg 
178.jpg,4G8YG,ren 178.jpg 4G8YG.jpg 
179.jpg,F3ORB,ren 179.jpg F3ORB.jpg 
180.jpg,RH7EB,ren 180.jpg RH7EB.jpg 
181.jpg,U5PAD,ren 181.jpg U5PAD.jpg 
182.jpg,2QBA5,ren 182.jpg 2QBA5.jpg 
183.jpg,AFFHB,ren 183.jpg AFFHB.jpg 
184.jpg,4598C,ren 184.jpg 4598C.jpg 
185.jpg,7ETTN,ren 185.jpg 7ETTN.jpg 
186.jpg,KHT9J,ren 186.jpg KHT9J.jpg 
187.jpg,DKEN5,ren 187.jpg DKEN5.jpg 
188.jpg,K55V2,ren 188.jpg K55V2.jpg 
189.jpg,VKYJV,ren 189.jpg VKYJV.jpg 
190.jpg,F9RHZ,ren 190.jpg F9RHZ.jpg 
191.jpg,CBSHT,ren 191.jpg CBSHT.jpg 
192.jpg,AZC6X,ren 192.jpg AZC6X.jpg 
193.jpg,9KCFQ,ren 193.jpg 9KCFQ.jpg 
194.jpg,J7NGZ,ren 194.jpg J7NGZ.jpg 
195.jpg,XC8GZ,ren 195.jpg XC8GZ.jpg 
196.jpg,2UUJG,ren 196.jpg 2UUJG.jpg 
197.jpg,FTN2Z,ren 197.jpg FTN2Z.jpg 
198.jpg,2GTK8,ren 198.jpg 2GTK8.jpg 
199.jpg,B8YHT,ren 199.jpg B8YHT.jpg 
200.jpg,KJKCC,ren 200.jpg KJKCC.jpg 
201.jpg,7QQPA,ren 201.jpg 7QQPA.jpg 
202.jpg,TVYTP,ren 202.jpg TVYTP.jpg 
203.jpg,A7S69,ren 203.jpg A7S69.jpg 
204.jpg,TJQ9U,ren 204.jpg TJQ9U.jpg 
205.jpg,FD79Y,ren 205.jpg FD79Y.jpg 
206.jpg,GEE8R,ren 206.jpg GEE8R.jpg 
207.jpg,B4EGC,ren 207.jpg B4EGC.jpg 
208.jpg,VP2U3,ren 208.jpg VP2U3.jpg 
209.jpg,D8REE,ren 209.jpg D8REE.jpg 
210.jpg,5DA9U,ren 210.jpg 5DA9U.jpg 
211.jpg,E7RHG,ren 211.jpg E7RHG.jpg 
212.jpg,DD9K3,ren 212.jpg DD9K3.jpg 
213.jpg,TCVNX,ren 213.jpg TCVNX.jpg 
214.jpg,6YP7N,ren 214.jpg 6YP7N.jpg 
215.jpg,HFZHJ,ren 215.jpg HFZHJ.jpg 
216.jpg,FBP7V,ren 216.jpg FBP7V.jpg 
217.jpg,YCDCS,ren 217.jpg YCDCS.jpg 
218.jpg,O68BN,ren 218.jpg O68BN.jpg 
219.jpg,ZHY84,ren 219.jpg ZHY84.jpg 
220.jpg,UJEKQ,ren 220.jpg UJEKQ.jpg 
221.jpg,3BESK,ren 221.jpg 3BESK.jpg 
222.jpg,A3TA2,ren 222.jpg A3TA2.jpg 
223.jpg,ENZ6Z,ren 223.jpg ENZ6Z.jpg 
224.jpg,B4X5N,ren 224.jpg B4X5N.jpg 
225.jpg,K8E5D,ren 225.jpg K8E5D.jpg 
226.jpg,2BVY2,ren 226.jpg 2BVY2.jpg 
227.jpg,6YUUD,ren 227.jpg 6YUUD.jpg 
228.jpg,Z2GQ5,ren 228.jpg Z2GQ5.jpg 
229.jpg,2RX9A,ren 229.jpg 2RX9A.jpg 
230.jpg,9TEJB,ren 230.jpg 9TEJB.jpg 
231.jpg,JJCYK,ren 231.jpg JJCYK.jpg 
232.jpg,R6NRD,ren 232.jpg R6NRD.jpg 
233.jpg,NRZ8D,ren 233.jpg NRZ8D.jpg 
234.jpg,7TQ8Q,ren 234.jpg 7TQ8Q.jpg 
235.jpg,Q5TTJ,ren 235.jpg Q5TTJ.jpg 
236.jpg,3VV3B,ren 236.jpg 3VV3B.jpg 
237.jpg,J5NAG,ren 237.jpg J5NAG.jpg 
238.jpg,C7FO6,ren 238.jpg C7FO6.jpg 
239.jpg,93GBH,ren 239.jpg 93GBH.jpg 
240.jpg,BNTFB,ren 240.jpg BNTFB.jpg 
241.jpg,YPB8G,ren 241.jpg YPB8G.jpg 
242.jpg,SG8D2,ren 242.jpg SG8D2.jpg 
243.jpg,SBKZ2,ren 243.jpg SBKZ2.jpg 
244.jpg,XZ3ZA,ren 244.jpg XZ3ZA.jpg 
245.jpg,GUT52,ren 245.jpg GUT52.jpg 
246.jpg,PQ5QH,ren 246.jpg PQ5QH.jpg 
247.jpg,FNS38,ren 247.jpg FNS38.jpg 
248.jpg,JPNA8,ren 248.jpg JPNA8.jpg 
249.jpg,6JZ5Y,ren 249.jpg 6JZ5Y.jpg 
250.jpg,8PRY9,ren 250.jpg 8PRY9.jpg 
251.jpg,SUFQ3,ren 251.jpg SUFQ3.jpg 
252.jpg,DZEJU,ren 252.jpg DZEJU.jpg 
253.jpg,JV9P6,ren 253.jpg JV9P6.jpg 
254.jpg,BCDXN,ren 254.jpg BCDXN.jpg 
255.jpg,BSX4R,ren 255.jpg BSX4R.jpg 
256.jpg,V23PF,ren 256.jpg V23PF.jpg 
257.jpg,4EFQR,ren 257.jpg 4EFQR.jpg 
258.jpg,UZ3EJ,ren 258.jpg UZ3EJ.jpg 
259.jpg,2UG4N,ren 259.jpg 2UG4N.jpg 
260.jpg,UTK8D,ren 260.jpg UTK8D.jpg 
261.jpg,6QHK7,ren 261.jpg 6QHK7.jpg 
262.jpg,6QRZQ,ren 262.jpg 6QRZQ.jpg 
263.jpg,KYDG5,ren 263.jpg KYDG5.jpg 
264.jpg,J6S8U,ren 264.jpg J6S8U.jpg 
265.jpg,TKTT4,ren 265.jpg TKTT4.jpg 
266.jpg,VEUYX,ren 266.jpg VEUYX.jpg 
267.jpg,RE83G,ren 267.jpg RE83G.jpg 
268.jpg,Q37JJ,ren 268.jpg Q37JJ.jpg 
269.jpg,82QX2,ren 269.jpg 82QX2.jpg 
270.jpg,77KDJ,ren 270.jpg 77KDJ.jpg 
271.jpg,A3S9D,ren 271.jpg A3S9D.jpg 
272.jpg,GN6FR,ren 272.jpg GN6FR.jpg 
273.jpg,K2E5F,ren 273.jpg K2E5F.jpg 
274.jpg,QESXZ,ren 274.jpg QESXZ.jpg 
275.jpg,FG3PX,ren 275.jpg FG3PX.jpg 
276.jpg,JAESN,ren 276.jpg JAESN.jpg 
277.jpg,QJA42,ren 277.jpg QJA42.jpg 
278.jpg,SPZ64,ren 278.jpg SPZ64.jpg 
279.jpg,8T7QG,ren 279.jpg 8T7QG.jpg 
280.jpg,YBVCJ,ren 280.jpg YBVCJ.jpg 
281.jpg,KUET9,ren 281.jpg KUET9.jpg 
282.jpg,BQRHB,ren 282.jpg BQRHB.jpg 
283.jpg,QTUR5,ren 283.jpg QTUR5.jpg 
284.jpg,X4X4V,ren 284.jpg X4X4V.jpg 
285.jpg,BZE6G,ren 285.jpg BZE6G.jpg 
286.jpg,94YZH,ren 286.jpg 94YZH.jpg 
287.jpg,RXNRY,ren 287.jpg RXNRY.jpg 
288.jpg,QT8UE,ren 288.jpg QT8UE.jpg 
289.jpg,K8569,ren 289.jpg K8569.jpg 
290.jpg,5P2ED,ren 290.jpg 5P2ED.jpg 
291.jpg,PEGYX,ren 291.jpg PEGYX.jpg 
292.jpg,UC8ZE,ren 292.jpg UC8ZE.jpg 
293.jpg,KBXX2,ren 293.jpg KBXX2.jpg 
294.jpg,F6PNN,ren 294.jpg F6PNN.jpg 
295.jpg,B78G2,ren 295.jpg B78G2.jpg 
296.jpg,ZJJZ6,ren 296.jpg ZJJZ6.jpg 
297.jpg,VYQGV,ren 297.jpg VYQGV.jpg 
298.jpg,4JZSX,ren 298.jpg 4JZSX.jpg 
299.jpg,FPF5V,ren 299.jpg FPF5V.jpg 
